"الرياض- عدد الأشخاص المصابين حسب الجنس","","","","عدد الأشخاص المصابين حسب المكان","","","عدد الأشخاص المصابين حسب العمر","","","","","","عدد الأشخاص المصابين حسب الجنسيه","",""
"الشهر","ذكور","أناث","المجموع","داخل المدينه","خارج المدينه","المجموع","أقل من 18","من18 إلى 30","من 30 على 40","من40إلى50","من50فأكثر","المجموع","سعودى","غير سعودى","المجموع"
"محرم","329.0","34.0","363.0","234.0","129.0","363.0","60.0","129.0","102.0","45.0","27.0","363.0","193.0","170.0","363.0"
"صفر","370.0","34.0","404.0","258.0","146.0","404.0","36.0","159.0","118.0","55.0","36.0","404.0","231.0","173.0","404.0"
"ربيع أول","381.0","47.0","428.0","307.0","121.0","428.0","64.0","142.0","117.0","76.0","29.0","428.0","259.0","169.0","428.0"
"ربيع ثانى","396.0","30.0","426.0","291.0","135.0","426.0","85.0","113.0","136.0","52.0","40.0","426.0","248.0","178.0","426.0"
"جمادى أول","346.0","40.0","386.0","240.0","146.0","386.0","39.0","124.0","144.0","65.0","14.0","386.0","238.0","148.0","386.0"
"جمادى ثانى","297.0","20.0","317.0","217.0","100.0","317.0","32.0","112.0","82.0","81.0","10.0","317.0","185.0","132.0","317.0"
"رجب","343.0","57.0","400.0","302.0","98.0","400.0","35.0","86.0","167.0","68.0","44.0","400.0","217.0","183.0","400.0"
"شعبان","338.0","30.0","368.0","259.0","109.0","368.0","69.0","122.0","93.0","47.0","37.0","368.0","194.0","174.0","368.0"
"رمضان","355.0","49.0","404.0","206.0","198.0","404.0","86.0","111.0","159.0","32.0","16.0","404.0","183.0","221.0","404.0"
"شوال","312.0","60.0","372.0","189.0","183.0","372.0","83.0","108.0","54.0","77.0","50.0","372.0","183.0","189.0","372.0"
"ذى القعدة","279.0","32.0","311.0","201.0","110.0","311.0","48.0","58.0","94.0","64.0","47.0","311.0","152.0","159.0","311.0"
"ذى الحجة","323.0","38.0","361.0","205.0","156.0","361.0","102.0","124.0","57.0","37.0","41.0","361.0","197.0","164.0","361.0"
"المجموع","4069.0","471.0","4540.0","2909.0","1631.0","4540.0","739.0","1388.0","1323.0","699.0","391.0","4540.0","2480.0","2060.0","4540.0"
"المدينه المنوره- عــد د الأشخاص المصابين حسب الجنس","","","","عــدد الأشخاص المصابين حسب المكان","","","عدد الأشخاص المصابين حسب العمر","","","","","","عدد الأشخاص المصابين حسب الجنسيه","",""
"الشهر","ذكـور","أنا ث","المجموع","داخل المدينه","خارج المدينه","المجموع","أقل من 18","من18 إلى 30","من 30 على 40","من40إلى50","من50فأكثر","المجموع","سعودى","غير سعودى","المجموع"
"محرم","239.0","34.0","273.0","138.0","135.0","273.0","44.0","53.0","56.0","60.0","60.0","273.0","164.0","109.0","273.0"
"صفر","252.0","40.0","292.0","136.0","156.0","292.0","44.0","53.0","75.0","60.0","60.0","292.0","161.0","131.0","292.0"
"ربيع أول","202.0","37.0","239.0","129.0","110.0","239.0","20.0","98.0","36.0","35.0","50.0","239.0","131.0","108.0","239.0"
"ربيع ثانى","203.0","56.0","259.0","127.0","132.0","259.0","37.0","52.0","60.0","71.0","39.0","259.0","115.0","144.0","259.0"
"جمادى أول","203.0","42.0","245.0","123.0","122.0","245.0","31.0","52.0","63.0","59.0","40.0","245.0","141.0","104.0","245.0"
"جمادى ثانى","190.0","26.0","216.0","96.0","120.0","216.0","28.0","44.0","57.0","49.0","38.0","216.0","119.0","97.0","216.0"
"رجب","153.0","54.0","207.0","87.0","120.0","207.0","40.0","65.0","69.0","20.0","13.0","207.0","104.0","103.0","207.0"
"شعبان","226.0","38.0","264.0","132.0","132.0","264.0","41.0","49.0","63.0","58.0","53.0","264.0","132.0","132.0","264.0"
"رمضان","223.0","59.0","282.0","107.0","175.0","282.0","23.0","65.0","73.0","60.0","61.0","282.0","112.0","170.0","282.0"
"شوال","189.0","29.0","218.0","81.0","137.0","218.0","32.0","43.0","55.0","49.0","39.0","218.0","99.0","119.0","218.0"
"ذى القعدة","141.0","20.0","161.0","77.0","84.0","161.0","24.0","33.0","39.0","44.0","21.0","161.0","83.0","78.0","161.0"
"ذى الحجة","206.0","55.0","261.0","80.0","181.0","261.0","33.0","54.0","67.0","56.0","51.0","261.0","132.0","129.0","261.0"
"المجموع","2427.0","490.0","2917.0","1313.0","1604.0","2917.0","397.0","661.0","713.0","621.0","525.0","2917.0","1493.0","1424.0","2917.0"
"الشرقيه- عــدد الأشخاص المصابين حسب الجنس","","","","عــدد الأشخاص المصابين حسب المكان","","","عــدد الأشخاص المصابين حسب العمر","","","","","","عدد الأشخاص المصابين حسب الجنسيه","",""
"الشهر","ذكـور","أنا ث","المجموع","داخل المدينه","خارج المدينه","المجموع","أقل من 18","من18 إلى 30","من 30 على 40","من40إلى50","من50فأكثر","المجموع","سعودى","غير سعودى","المجموع"
"محرم","228.0","108.0","336.0","184.0","152.0","336.0","39.0","85.0","97.0","75.0","40.0","336.0","211.0","125.0","336.0"
"صفر","337.0","63.0","400.0","233.0","167.0","400.0","55.0","133.0","117.0","41.0","54.0","400.0","282.0","118.0","400.0"
"ربيع أول","287.0","86.0","373.0","238.0","135.0","373.0","35.0","125.0","119.0","49.0","45.0","373.0","249.0","124.0","373.0"
"ربيع ثانى","332.0","33.0","365.0","171.0","194.0","365.0","46.0","134.0","98.0","52.0","35.0","365.0","263.0","102.0","365.0"
"جمادى أول","331.0","42.0","373.0","191.0","182.0","373.0","53.0","142.0","109.0","51.0","18.0","373.0","223.0","150.0","373.0"
"جمادى ثانى","265.0","94.0","359.0","207.0","152.0","359.0","36.0","114.0","104.0","76.0","29.0","359.0","215.0","144.0","359.0"
"رجب","256.0","118.0","374.0","207.0","167.0","374.0","34.0","107.0","98.0","87.0","48.0","374.0","225.0","149.0","374.0"
"شعبان","241.0","107.0","348.0","216.0","132.0","348.0","25.0","97.0","89.0","85.0","52.0","348.0","228.0","120.0","348.0"
"رمضان","262.0","40.0","302.0","161.0","141.0","302.0","30.0","82.0","90.0","65.0","35.0","302.0","201.0","101.0","302.0"
"شوال","196.0","91.0","287.0","182.0","105.0","287.0","37.0","76.0","69.0","74.0","31.0","287.0","130.0","157.0","287.0"
"ذى القعدة","184.0","81.0","265.0","167.0","98.0","265.0","23.0","85.0","71.0","54.0","32.0","265.0","124.0","141.0","265.0"
"ذى الحجة","202.0","89.0","291.0","167.0","124.0","291.0","31.0","97.0","83.0","62.0","18.0","291.0","148.0","143.0","291.0"
"المجموع","3121.0","952.0","4073.0","2324.0","1749.0","4073.0","444.0","1277.0","1144.0","771.0","437.0","4073.0","2499.0","1574.0","4073.0"
"الحدود الشماليه- عــدد الأشخاص المصابين حسب الجنس","","","","عــدد الأشخاص المصابين حسب المكان","","","عدد الأشخاص المصابين حسب العمر","","","","","","عدد الأشخاص المصابين حسب الجنسيه","",""
"الشهر","ذكـور","أناث","المجموع","داخل المدينه","خارج المدينه","المجموع","أقل من 18","من18 إلى 30","من 30 على 40","من40إلى50","من50فأكثر","المجموع","سعودى","غير سعودى","المجموع"
"محرم","37.0","3.0","40.0","20.0","20.0","40.0","5.0","18.0","13.0","1.0","3.0","40.0","30.0","10.0","40.0"
"صفر","31.0","3.0","34.0","12.0","22.0","34.0","4.0","14.0","11.0","1.0","4.0","34.0","20.0","14.0","34.0"
"ربيع أول","21.0","0.0","21.0","20.0","1.0","21.0","2.0","6.0","11.0","2.0","0.0","21.0","10.0","11.0","21.0"
"ربيع ثانى","33.0","6.0","39.0","20.0","19.0","39.0","12.0","8.0","15.0","2.0","2.0","39.0","27.0","12.0","39.0"
"جمادى أول","31.0","4.0","35.0","10.0","25.0","35.0","2.0","14.0","16.0","2.0","1.0","35.0","26.0","9.0","35.0"
"جمادى ثانى","28.0","4.0","32.0","2.0","30.0","32.0","5.0","11.0","10.0","4.0","2.0","32.0","17.0","15.0","32.0"
"رجب","28.0","4.0","32.0","2.0","30.0","32.0","0.0","14.0","14.0","3.0","1.0","32.0","18.0","14.0","32.0"
"شعبان","27.0","4.0","31.0","4.0","27.0","31.0","7.0","10.0","5.0","3.0","6.0","31.0","21.0","10.0","31.0"
"رمضان","30.0","3.0","33.0","6.0","27.0","33.0","7.0","10.0","7.0","3.0","6.0","33.0","13.0","20.0","33.0"
"شوال","12.0","2.0","14.0","5.0","9.0","14.0","3.0","2.0","4.0","0.0","5.0","14.0","8.0","6.0","14.0"
"ذى القعدة","12.0","2.0","14.0","4.0","10.0","14.0","2.0","9.0","2.0","1.0","0.0","14.0","10.0","4.0","14.0"
"ذى الحجة","45.0","4.0","49.0","22.0","27.0","49.0","9.0","24.0","12.0","4.0","0.0","49.0","41.0","8.0","49.0"
"المجموع","335.0","39.0","374.0","127.0","247.0","374.0","58.0","140.0","120.0","26.0","30.0","374.0","241.0","133.0","374.0"
"تبوك- عــدد الأشخاص المصابين حسب الجنس","","","","عدد الأشخاص المصابين حسب المكان","","","عدد الأشخاص المصابين حسب العمر","","","","","","عدد الأشخاص المصابين حسب الجنسيه","",""
"الشهر","ذكور","أناث","المجموع","داخل المدينه","خارج المدينه","المجموع","أقل من 18","من18 إلى 30","من 30 على 40","من40إلى50","من50فأكثر","المجموع","سعودى","غير سعودى","المجموع"
"محرم","99.0","9.0","108.0","40.0","68.0","108.0","21.0","32.0","28.0","18.0","9.0","108.0","89.0","19.0","108.0"
"صفر","111.0","17.0","128.0","49.0","79.0","128.0","10.0","38.0","51.0","23.0","6.0","128.0","110.0","18.0","128.0"
"ربيع أول","63.0","6.0","69.0","34.0","35.0","69.0","13.0","32.0","14.0","4.0","6.0","69.0","59.0","10.0","69.0"
"ربيع ثانى","80.0","7.0","87.0","24.0","63.0","87.0","18.0","46.0","13.0","5.0","5.0","87.0","62.0","25.0","87.0"
"جمادى أول","101.0","11.0","112.0","50.0","62.0","112.0","17.0","59.0","15.0","12.0","9.0","112.0","90.0","22.0","112.0"
"جمادى ثانى","130.0","36.0","166.0","42.0","124.0","166.0","21.0","28.0","79.0","19.0","19.0","166.0","95.0","71.0","166.0"
"رجب","78.0","18.0","96.0","38.0","58.0","96.0","28.0","41.0","19.0","4.0","4.0","96.0","76.0","20.0","96.0"
"شعبان","74.0","18.0","92.0","35.0","57.0","92.0","33.0","30.0","18.0","7.0","4.0","92.0","68.0","24.0","92.0"
"رمضان","92.0","15.0","107.0","28.0","79.0","107.0","22.0","45.0","27.0","7.0","6.0","107.0","73.0","34.0","107.0"
"شوال","75.0","18.0","93.0","19.0","74.0","93.0","35.0","24.0","22.0","5.0","7.0","93.0","54.0","39.0","93.0"
"ذى القعدة","70.0","17.0","87.0","29.0","58.0","87.0","16.0","23.0","20.0","19.0","9.0","87.0","66.0","21.0","87.0"
"ذى الحجة","19.0","79.0","98.0","14.0","84.0","98.0","20.0","36.0","25.0","9.0","8.0","98.0","74.0","24.0","98.0"
"المجموع","992.0","251.0","1243.0","402.0","841.0","1243.0","254.0","434.0","331.0","132.0","92.0","1243.0","916.0","327.0","1243.0"
"الجوف- عـــدد الأشخاص المصابين حسب الجنس","","","","عـدد الأشخاص المصابين حسب المكان","","","عدد الأشخاص المصابين حسب العمر","","","","","","عدد الأشخاص المصابين حسب الجنسيه","",""
"الشهر","ذكور","أناث","المجموع","داخل المدينه","خارج المدينه","المجموع","أقل من 18","من18 إلى 30","من 30 على 40","من40إلى50","من50فأكثر","المجموع","سعودى","غير سعودى","المجموع"
"محرم","44.0","7.0","51.0","22.0","29.0","51.0","11.0","12.0","13.0","12.0","3.0","51.0","36.0","15.0","51.0"
"صفر","68.0","6.0","74.0","32.0","42.0","74.0","18.0","26.0","19.0","6.0","5.0","74.0","66.0","8.0","74.0"
"ربيع أول","39.0","8.0","47.0","16.0","31.0","47.0","6.0","21.0","13.0","7.0","0.0","47.0","29.0","18.0","47.0"
"ربيع ثانى","33.0","12.0","45.0","5.0","40.0","45.0","9.0","13.0","13.0","7.0","3.0","45.0","33.0","12.0","45.0"
"جمادى أول","41.0","8.0","49.0","25.0","24.0","49.0","9.0","19.0","11.0","9.0","1.0","49.0","34.0","15.0","49.0"
"جمادى ثانى","36.0","5.0","41.0","27.0","14.0","41.0","7.0","18.0","12.0","3.0","1.0","41.0","28.0","13.0","41.0"
"رجب","38.0","3.0","41.0","16.0","25.0","41.0","3.0","11.0","19.0","7.0","1.0","41.0","28.0","13.0","41.0"
"شعبان","36.0","10.0","46.0","21.0","25.0","46.0","2.0","24.0","10.0","6.0","4.0","46.0","37.0","9.0","46.0"
"رمضان","23.0","8.0","31.0","8.0","23.0","31.0","4.0","8.0","12.0","7.0","0.0","31.0","20.0","11.0","31.0"
"شوال","15.0","2.0","17.0","7.0","10.0","17.0","1.0","7.0","5.0","4.0","0.0","17.0","13.0","4.0","17.0"
"ذى القعدة","15.0","2.0","17.0","2.0","15.0","17.0","0.0","7.0","7.0","3.0","0.0","17.0","12.0","5.0","17.0"
"ذى الحجة","18.0","3.0","21.0","8.0","13.0","21.0","2.0","10.0","6.0","2.0","1.0","21.0","18.0","3.0","21.0"
"المجموع","406.0","74.0","480.0","189.0","291.0","480.0","72.0","176.0","140.0","73.0","19.0","480.0","354.0","126.0","480.0"
"حائل- عدد الأشخاص المصابين حسب الجنس","","","","عدد الأشخاص المصابين حسب المكان","","","عدد الأشخاص المصابين حسب العمر","","","","","","عـدد الأشخاص المصابين حـسب الجنسيه","",""
"الشهر","ذكــور","أناث","المجموع","داخل المدينه","خارج المدينه","المجموع","أقل من 18","من18 إلى 30","من 30 على 40","من40إلى50","من50فأكثر","المجموع","سعودى","غير سعودى","المجموع"
"محرم","44.0","4.0","48.0","26.0","22.0","48.0","1.0","18.0","13.0","11.0","5.0","48.0","43.0","5.0","48.0"
"صفر","55.0","5.0","60.0","34.0","26.0","60.0","2.0","23.0","20.0","10.0","5.0","60.0","54.0","6.0","60.0"
"ربيع أول","63.0","8.0","71.0","26.0","45.0","71.0","5.0","25.0","21.0","12.0","8.0","71.0","62.0","9.0","71.0"
"ربيع ثانى","65.0","6.0","71.0","34.0","37.0","71.0","3.0","25.0","20.0","18.0","5.0","71.0","59.0","12.0","71.0"
"جمادى أول","76.0","6.0","82.0","64.0","18.0","82.0","36.0","12.0","11.0","14.0","9.0","82.0","76.0","6.0","82.0"
"جمادى ثانى","89.0","4.0","93.0","33.0","60.0","93.0","9.0","24.0","38.0","14.0","8.0","93.0","87.0","6.0","93.0"
"رجب","67.0","5.0","72.0","29.0","43.0","72.0","9.0","17.0","37.0","7.0","2.0","72.0","65.0","7.0","72.0"
"شعبان","89.0","4.0","93.0","43.0","50.0","93.0","14.0","35.0","21.0","16.0","7.0","93.0","84.0","9.0","93.0"
"رمضان","47.0","5.0","52.0","33.0","19.0","52.0","8.0","15.0","11.0","14.0","4.0","52.0","42.0","10.0","52.0"
"شوال","48.0","3.0","51.0","28.0","23.0","51.0","9.0","12.0","19.0","9.0","2.0","51.0","46.0","5.0","51.0"
"ذى القعدة","33.0","4.0","37.0","31.0","6.0","37.0","8.0","9.0","5.0","11.0","4.0","37.0","21.0","16.0","37.0"
"ذى الحجة","39.0","4.0","43.0","25.0","18.0","43.0","16.0","9.0","11.0","5.0","2.0","43.0","28.0","15.0","43.0"
"المجموع","715.0","58.0","773.0","406.0","367.0","773.0","120.0","224.0","227.0","141.0","61.0","773.0","667.0","106.0","773.0"
"نجران- عدد الأشخاص المصابين حسب الجنس","","","","عدد الأشخاص المصابين حسب المكان","","","عدد الأشخاص المصابين حسب العمر","","","","","","عدد الأشخاص المصابين حسب الجنسيه","",""
"الشهر","ذكور","أناث","المجموع","داخل المدينه","خارج المدينه","المجموع","أقل من 18","من18 إلى 30","من 30 على 40","من40إلى50","من50فأكثر","المجموع","سعودى","غير سعودى","المجموع"
"محرم","67.0","3.0","70.0","14.0","56.0","70.0","7.0","27.0","21.0","11.0","4.0","70.0","39.0","31.0","70.0"
"صفر","71.0","1.0","72.0","15.0","57.0","72.0","8.0","28.0","20.0","10.0","6.0","72.0","42.0","30.0","72.0"
"ربيع أول","72.0","6.0","78.0","16.0","62.0","78.0","9.0","27.0","26.0","9.0","7.0","78.0","43.0","35.0","78.0"
"ربيع ثانى","83.0","8.0","91.0","22.0","69.0","91.0","11.0","31.0","28.0","12.0","9.0","91.0","46.0","45.0","91.0"
"جمادى أول","76.0","6.0","82.0","30.0","52.0","82.0","6.0","21.0","27.0","19.0","9.0","82.0","42.0","40.0","82.0"
"جمادى ثانى","55.0","8.0","63.0","24.0","39.0","63.0","4.0","16.0","24.0","16.0","3.0","63.0","39.0","24.0","63.0"
"رجب","49.0","6.0","55.0","15.0","40.0","55.0","3.0","16.0","21.0","14.0","1.0","55.0","36.0","19.0","55.0"
"شعبان","59.0","5.0","64.0","20.0","44.0","64.0","4.0","21.0","22.0","15.0","2.0","64.0","41.0","23.0","64.0"
"رمضان","61.0","9.0","70.0","21.0","49.0","70.0","6.0","21.0","28.0","12.0","3.0","70.0","46.0","24.0","70.0"
"شوال","24.0","7.0","31.0","14.0","17.0","31.0","4.0","7.0","11.0","6.0","3.0","31.0","19.0","12.0","31.0"
"ذى القعدة","39.0","3.0","42.0","14.0","28.0","42.0","8.0","13.0","11.0","7.0","3.0","42.0","28.0","14.0","42.0"
"ذى الحجة","36.0","12.0","48.0","17.0","31.0","48.0","9.0","13.0","12.0","8.0","6.0","48.0","29.0","19.0","48.0"
"المجموع","692.0","74.0","766.0","222.0","544.0","766.0","79.0","241.0","251.0","139.0","56.0","766.0","450.0","316.0","766.0"
"القصيم- عدد الأشخاص المصابين حسب الجنس","","","","عدد الأشخاص المصابين حسب المكان","","","عدد الأشخاص المصابين حسب العمر","","","","","","عدد الأشخاص المصابين حسب الجنسيه","",""
"الشهر","ذكور","أناث","المجموع","داخل المدينه","خارج المدينه","المجموع","أقل من 18","من18 إلى 30","من 30 على 40","من40إلى50","من50فأكثر","المجموع","سعودى","غير سعودى","المجموع"
"محرم","99.0","8.0","107.0","96.0","11.0","107.0","25.0","39.0","32.0","7.0","4.0","107.0","37.0","70.0","107.0"
"صفر","142.0","7.0","149.0","114.0","35.0","149.0","24.0","63.0","52.0","7.0","3.0","149.0","59.0","90.0","149.0"
"ربيع أول","117.0","12.0","129.0","87.0","42.0","129.0","29.0","28.0","62.0","7.0","3.0","129.0","71.0","58.0","129.0"
"ربيع ثانى","106.0","12.0","118.0","75.0","43.0","118.0","34.0","18.0","22.0","31.0","13.0","118.0","88.0","30.0","118.0"
"جمادى أول","84.0","6.0","90.0","68.0","22.0","90.0","19.0","26.0","34.0","7.0","4.0","90.0","29.0","61.0","90.0"
"جمادى ثانى","98.0","7.0","105.0","62.0","43.0","105.0","14.0","39.0","41.0","9.0","2.0","105.0","55.0","50.0","105.0"
"رجب","95.0","9.0","104.0","82.0","22.0","104.0","14.0","19.0","57.0","9.0","5.0","104.0","22.0","82.0","104.0"
"شعبان","147.0","33.0","180.0","107.0","73.0","180.0","29.0","80.0","32.0","23.0","16.0","180.0","100.0","80.0","180.0"
"رمضان","129.0","8.0","137.0","91.0","46.0","137.0","25.0","64.0","32.0","12.0","4.0","137.0","45.0","92.0","137.0"
"شوال","149.0","6.0","155.0","136.0","19.0","155.0","24.0","33.0","39.0","36.0","23.0","155.0","96.0","59.0","155.0"
"ذى القعدة","58.0","7.0","65.0","49.0","16.0","65.0","8.0","18.0","17.0","15.0","7.0","65.0","49.0","16.0","65.0"
"ذى الحجة","98.0","9.0","107.0","86.0","21.0","107.0","8.0","29.0","35.0","22.0","13.0","107.0","58.0","49.0","107.0"
"المجموع","1322.0","124.0","1446.0","1053.0","393.0","1446.0","253.0","456.0","455.0","185.0","97.0","1446.0","709.0","737.0","1446.0"
"الباحه- عدد الأشخاص المصابين حسب الجنس","","","","عدد الأشخاص المصابين حسب المكان","","","عدد الأشخاص المصابين حسب العمر","","","","","","عدد الأشخاص المصابين حسب الجنسيه","",""
"الشهر","ذكور","أناث","المجموع","داخل المدينه","خارج المدينه","المجموع","أقل من 18","من18 إلى 30","من 30 على 40","من40إلى50","من50فأكثر","المجموع","سعودى","غير سعودى","المجموع"
"محرم","62.0","17.0","79.0","48.0","31.0","79.0","21.0","33.0","16.0","4.0","5.0","79.0","69.0","10.0","79.0"
"صفر","95.0","5.0","100.0","51.0","49.0","100.0","16.0","52.0","20.0","6.0","6.0","100.0","80.0","20.0","100.0"
"ربيع أول","98.0","10.0","108.0","52.0","56.0","108.0","10.0","46.0","34.0","9.0","9.0","108.0","83.0","25.0","108.0"
"ربيع ثانى","74.0","3.0","77.0","30.0","47.0","77.0","19.0","33.0","12.0","6.0","7.0","77.0","55.0","22.0","77.0"
"جمادى أول","79.0","23.0","102.0","27.0","75.0","102.0","25.0","44.0","19.0","9.0","5.0","102.0","84.0","18.0","102.0"
"جمادى ثانى","64.0","25.0","89.0","52.0","37.0","89.0","13.0","27.0","30.0","10.0","9.0","89.0","62.0","27.0","89.0"
"رجب","49.0","5.0","54.0","20.0","34.0","54.0","6.0","27.0","13.0","6.0","2.0","54.0","46.0","8.0","54.0"
"شعبان","84.0","9.0","93.0","52.0","41.0","93.0","10.0","43.0","26.0","8.0","6.0","93.0","77.0","16.0","93.0"
"رمضان","59.0","12.0","71.0","21.0","50.0","71.0","5.0","29.0","21.0","13.0","3.0","71.0","57.0","14.0","71.0"
"شوال","69.0","5.0","74.0","38.0","36.0","74.0","15.0","32.0","19.0","4.0","4.0","74.0","57.0","17.0","74.0"
"ذى القعدة","63.0","4.0","67.0","29.0","38.0","67.0","9.0","36.0","12.0","4.0","6.0","67.0","56.0","11.0","67.0"
"ذى الحجة","81.0","12.0","93.0","41.0","52.0","93.0","7.0","57.0","17.0","5.0","7.0","93.0","73.0","20.0","93.0"
"المجموع","877.0","130.0","1007.0","461.0","546.0","1007.0","156.0","459.0","239.0","84.0","69.0","1007.0","799.0","208.0","1007.0"
"عسير- عــد د الأشخاص المصابين حسب الجنس","","","","عـدد الأشخاص المصابين حسب المكان","","","عـــد د الأشخاص المصابين حسب العمر","","","","","","عدد الأشخاص المصابين حسب الجنسيه","",""
"الشهر","ذكور","أناث","المجموع","داخل المدينه","خارج المدينه","المجموع","أقل من 18","من18 إلى 30","من 30 على 40","من40إلى50","من50فأكثر","المجموع","سعودى","غير سعودى","المجموع"
"مــحــر م","150.0","21.0","171.0","6.0","165.0","171.0","47.0","80.0","28.0","8.0","8.0","171.0","143.0","28.0","171.0"
"صــــفـر","136.0","44.0","180.0","14.0","166.0","180.0","43.0","75.0","32.0","17.0","13.0","180.0","126.0","54.0","180.0"
"ربيع أول","153.0","24.0","177.0","15.0","162.0","177.0","23.0","81.0","34.0","21.0","18.0","177.0","133.0","44.0","177.0"
"ربيع ثانى","154.0","30.0","184.0","19.0","165.0","184.0","36.0","78.0","37.0","16.0","17.0","184.0","143.0","41.0","184.0"
"جمادى أول","158.0","28.0","186.0","26.0","160.0","186.0","30.0","78.0","41.0","27.0","10.0","186.0","136.0","50.0","186.0"
"جمادى ثانى","178.0","24.0","202.0","19.0","183.0","202.0","38.0","96.0","39.0","15.0","14.0","202.0","158.0","44.0","202.0"
"ر جـــب","186.0","38.0","224.0","15.0","209.0","224.0","53.0","92.0","37.0","20.0","22.0","224.0","184.0","40.0","224.0"
"شعبان","181.0","33.0","214.0","12.0","202.0","214.0","42.0","80.0","46.0","22.0","24.0","214.0","166.0","48.0","214.0"
"رمضان","193.0","52.0","245.0","25.0","220.0","245.0","59.0","66.0","68.0","32.0","20.0","245.0","202.0","43.0","245.0"
"شوال","188.0","30.0","218.0","17.0","201.0","218.0","44.0","90.0","45.0","24.0","15.0","218.0","179.0","39.0","218.0"
"ذى القعدة","148.0","20.0","168.0","20.0","148.0","168.0","32.0","77.0","25.0","15.0","19.0","168.0","134.0","34.0","168.0"
"ذى الحجة","169.0","30.0","199.0","14.0","185.0","199.0","41.0","89.0","39.0","20.0","10.0","199.0","140.0","59.0","199.0"
"المجموع","1994.0","374.0","2368.0","202.0","2166.0","2368.0","488.0","982.0","471.0","237.0","190.0","2368.0","1844.0","524.0","2368.0"
"جازان- عـدد الأشخاص المصابين حسب الجنس","","","","عـدد الأشخاص المصابين حسب المكان","","","عــد د الأشخاص المصابين حسب العمر","","","","","","عدد الأشخاص المصابين حسب الجنسيه","",""
"الشهر","ذكور","أناث","المجموع","داخل المدينه","خارج المدينه","المجموع","أقل من 18","من18 إلى 30","من 30 على 40","من40إلى50","من50فأكثر","المجموع","سعودى","غير سعودى","المجموع"
"محرم","138.0","23.0","161.0","51.0","110.0","161.0","19.0","41.0","58.0","28.0","15.0","161.0","103.0","58.0","161.0"
"صفر","181.0","29.0","210.0","52.0","158.0","210.0","33.0","72.0","48.0","36.0","21.0","210.0","146.0","64.0","210.0"
"ربيع أول","183.0","32.0","215.0","47.0","168.0","215.0","21.0","51.0","69.0","42.0","32.0","215.0","166.0","49.0","215.0"
"ربيع ثانى","179.0","41.0","220.0","89.0","131.0","220.0","22.0","61.0","86.0","41.0","10.0","220.0","166.0","54.0","220.0"
"جمادى أول","166.0","56.0","222.0","86.0","136.0","222.0","22.0","61.0","86.0","41.0","12.0","222.0","164.0","58.0","222.0"
"جمادى ثانى","145.0","27.0","172.0","72.0","100.0","172.0","17.0","59.0","60.0","28.0","8.0","172.0","117.0","55.0","172.0"
"رجب","89.0","13.0","102.0","31.0","71.0","102.0","9.0","46.0","22.0","18.0","7.0","102.0","78.0","24.0","102.0"
"شعبان","112.0","23.0","135.0","51.0","84.0","135.0","14.0","35.0","23.0","51.0","12.0","135.0","112.0","23.0","135.0"
"رمضان","191.0","24.0","215.0","67.0","148.0","215.0","39.0","61.0","33.0","51.0","31.0","215.0","184.0","31.0","215.0"
"شوال","156.0","22.0","178.0","72.0","106.0","178.0","36.0","69.0","28.0","21.0","24.0","178.0","157.0","21.0","178.0"
"ذى القعدة","167.0","20.0","187.0","63.0","124.0","187.0","27.0","64.0","47.0","31.0","18.0","187.0","129.0","58.0","187.0"
"ذى الحجة","167.0","23.0","190.0","86.0","104.0","190.0","21.0","85.0","46.0","21.0","17.0","190.0","154.0","36.0","190.0"
"المجموع","1874.0","333.0","2207.0","767.0","1440.0","2207.0","280.0","705.0","606.0","409.0","207.0","2207.0","1676.0","531.0","2207.0"
"جده- عدد الأشخاص المصابين حسب الجنس","","","","عدد الأشخاص المصابين حسب المكان","","","عدد الأشخاص المصابين حسب العمر","","","","","","عدد الأشخاص المصابين حسب الجنسيه","",""
"الشهر","ذكور","أناث","المجموع","داخل المدينه","خارج المدينه","المجموع","أقل من 18","من18 إلى 30","من 30 على 40","من40إلى50","من50فأكثر","المجموع","سعودى","غير سعودى","المجموع"
"محرم","225.0","23.0","248.0","150.0","98.0","248.0","21.0","94.0","63.0","41.0","29.0","248.0","152.0","96.0","248.0"
"صفر","221.0","31.0","252.0","169.0","83.0","252.0","18.0","62.0","71.0","58.0","43.0","252.0","131.0","121.0","252.0"
"ربيع أول","237.0","29.0","266.0","167.0","99.0","266.0","21.0","77.0","69.0","61.0","38.0","266.0","137.0","129.0","266.0"
"ربيع ثانى","284.0","28.0","312.0","221.0","91.0","312.0","19.0","96.0","77.0","66.0","54.0","312.0","154.0","158.0","312.0"
"جمادى أول","284.0","29.0","313.0","181.0","132.0","313.0","19.0","97.0","77.0","66.0","54.0","313.0","167.0","146.0","313.0"
"جمادى ثانى","226.0","22.0","248.0","155.0","93.0","248.0","21.0","78.0","64.0","41.0","44.0","248.0","137.0","111.0","248.0"
"رجب","281.0","25.0","306.0","219.0","87.0","306.0","29.0","82.0","75.0","59.0","61.0","306.0","159.0","147.0","306.0"
"شعبان","237.0","17.0","254.0","182.0","72.0","254.0","23.0","71.0","63.0","45.0","52.0","254.0","128.0","126.0","254.0"
"رمضان","208.0","16.0","224.0","169.0","55.0","224.0","27.0","59.0","58.0","41.0","39.0","224.0","114.0","110.0","224.0"
"شوال","188.0","16.0","204.0","150.0","54.0","204.0","22.0","50.0","52.0","41.0","39.0","204.0","94.0","110.0","204.0"
"ذى القعدة","164.0","19.0","183.0","159.0","24.0","183.0","12.0","51.0","54.0","37.0","29.0","183.0","95.0","88.0","183.0"
"ذى الحجة","162.0","14.0","176.0","138.0","38.0","176.0","12.0","50.0","57.0","31.0","26.0","176.0","99.0","77.0","176.0"
"المجموع","2717.0","269.0","2986.0","2060.0","926.0","2986.0","244.0","867.0","780.0","587.0","508.0","2986.0","1567.0","1419.0","2986.0"
"","","","","","","","","","","","","","","",""
"","","","","","","","","","","","","","","",""
"","","","","","","","","","","","","","","",""
"","","","","","","","","","","","","","","",""
"الطائف- عدد الأشخاص المصابين حسب الجنس","","","","عدد الأشخاص المصابين حسب المكان","","","عدد الأشخاص المصابين حسب العمر","","","","","","عدد الأشخاص المصابين حسب الجنسيه","",""
"الشهر","ذكور","أناث","المجموع","داخل المدينه","خارج المدينه","المجموع","أقل من 18","من18 إلى 30","من 30 على 40","من40إلى50","من50فأكثر","المجموع","سعودى","غير سعودى","المجموع"
"محرم","223.0","103.0","326.0","196.0","130.0","326.0","25.0","104.0","121.0","49.0","27.0","326.0","268.0","58.0","326.0"
"صفر","199.0","73.0","272.0","123.0","149.0","272.0","11.0","65.0","33.0","119.0","44.0","272.0","236.0","36.0","272.0"
"ربيع أول","209.0","253.0","462.0","181.0","281.0","462.0","65.0","81.0","133.0","121.0","62.0","462.0","299.0","163.0","462.0"
"ربيع ثانى","334.0","86.0","420.0","186.0","234.0","420.0","53.0","141.0","114.0","65.0","47.0","420.0","250.0","170.0","420.0"
"جمادى أول","274.0","141.0","415.0","166.0","249.0","415.0","36.0","118.0","151.0","67.0","43.0","415.0","249.0","166.0","415.0"
"جمادى ثانى","333.0","53.0","386.0","186.0","200.0","386.0","66.0","141.0","94.0","63.0","22.0","386.0","264.0","122.0","386.0"
"رجب","316.0","108.0","424.0","75.0","349.0","424.0","33.0","184.0","151.0","43.0","13.0","424.0","375.0","49.0","424.0"
"شعبان","289.0","62.0","351.0","153.0","198.0","351.0","65.0","134.0","87.0","46.0","19.0","351.0","250.0","101.0","351.0"
"رمضان","299.0","34.0","333.0","143.0","190.0","333.0","41.0","103.0","88.0","65.0","36.0","333.0","238.0","95.0","333.0"
"شوال","253.0","80.0","333.0","119.0","214.0","333.0","59.0","110.0","102.0","56.0","6.0","333.0","236.0","97.0","333.0"
"ذى القعدة","235.0","29.0","264.0","210.0","54.0","264.0","26.0","43.0","86.0","88.0","21.0","264.0","196.0","68.0","264.0"
"ذى الحجة","337.0","56.0","393.0","165.0","228.0","393.0","32.0","105.0","136.0","76.0","44.0","393.0","296.0","97.0","393.0"
"المجموع","3301.0","1078.0","4379.0","1903.0","2476.0","4379.0","512.0","1329.0","1296.0","858.0","384.0","4379.0","3157.0","1222.0","4379.0"
"العاصمه- عدد الأشخاص المصابين حسب الجنس","","","","عدد الأشخاص المصابين حسب المكان","","","عدد الأشخاص المصابين حسب العمر","","","","","","عدد الأشخاص المصابين حسب الجنسيه","",""
"الشهر","ذكور","أناث","المجموع","داخل المدينه","خارج المدينه","المجموع","أقل من 18","من18 إلى 30","من 30 على 40","من40إلى50","من50فأكثر","المجموع","سعودى","غير سعودى","المجموع"
"محرم","173.0","18.0","191.0","77.0","114.0","191.0","24.0","46.0","53.0","36.0","32.0","191.0","133.0","58.0","191.0"
"صفر","213.0","11.0","224.0","133.0","91.0","224.0","40.0","72.0","56.0","29.0","27.0","224.0","152.0","72.0","224.0"
"ربيع أول","265.0","62.0","327.0","181.0","146.0","327.0","34.0","94.0","81.0","69.0","49.0","327.0","162.0","165.0","327.0"
"ربيع ثانى","181.0","54.0","235.0","119.0","116.0","235.0","27.0","57.0","77.0","48.0","26.0","235.0","134.0","101.0","235.0"
"جمادى أول","215.0","80.0","295.0","131.0","164.0","295.0","51.0","91.0","67.0","53.0","33.0","295.0","209.0","86.0","295.0"
"جمادى ثانى","328.0","38.0","366.0","160.0","206.0","366.0","54.0","106.0","86.0","78.0","42.0","366.0","203.0","163.0","366.0"
"رجب","193.0","29.0","222.0","92.0","130.0","222.0","21.0","73.0","59.0","34.0","35.0","222.0","120.0","102.0","222.0"
"شعبان","210.0","31.0","241.0","108.0","133.0","241.0","30.0","51.0","72.0","51.0","37.0","241.0","136.0","105.0","241.0"
"رمضان","236.0","70.0","306.0","169.0","137.0","306.0","36.0","74.0","71.0","69.0","56.0","306.0","193.0","113.0","306.0"
"شوال","202.0","58.0","260.0","112.0","148.0","260.0","16.0","63.0","52.0","73.0","56.0","260.0","166.0","94.0","260.0"
"ذى القعدة","199.0","37.0","236.0","93.0","143.0","236.0","23.0","68.0","54.0","37.0","54.0","236.0","144.0","92.0","236.0"
"ذى الحجة","303.0","52.0","355.0","194.0","161.0","355.0","35.0","74.0","93.0","73.0","80.0","355.0","187.0","168.0","355.0"
"المجموع","2718.0","540.0","3258.0","1569.0","1689.0","3258.0","391.0","869.0","821.0","650.0","527.0","3258.0","1939.0","1319.0","3258.0"
"القريات- عدد الأشخاص المصابين حسب الجنس","","","","عدد الأشخاص المصابين حسب المكان","","","عدد الأشخاص المصابين حسب العمر","","","","","","عدد الأشخاص المصابين حسب الجنسيه","",""
"الشهر","ذكور","أناث","المجموع","داخل المدينه","خارج المدينه","المجموع","أقل من 18","من18 إلى 30","من 30 على 40","من40إلى50","من50فأكثر","المجموع","سعودى","غير سعودى","المجموع"
"محرم","21.0","4.0","25.0","15.0","10.0","25.0","9.0","7.0","5.0","4.0","0.0","25.0","19.0","6.0","25.0"
"صفر","12.0","8.0","20.0","6.0","14.0","20.0","11.0","4.0","3.0","1.0","1.0","20.0","18.0","2.0","20.0"
"ربيع أول","36.0","6.0","42.0","20.0","22.0","42.0","12.0","18.0","7.0","3.0","2.0","42.0","40.0","2.0","42.0"
"ربيع ثانى","24.0","7.0","31.0","16.0","15.0","31.0","7.0","14.0","6.0","3.0","1.0","31.0","26.0","5.0","31.0"
"جمادى أول","28.0","1.0","29.0","10.0","19.0","29.0","6.0","17.0","4.0","0.0","2.0","29.0","22.0","7.0","29.0"
"جمادى ثانى","27.0","12.0","39.0","21.0","18.0","39.0","15.0","14.0","5.0","4.0","1.0","39.0","39.0","0.0","39.0"
"رجب","21.0","1.0","22.0","7.0","15.0","22.0","5.0","7.0","5.0","4.0","1.0","22.0","17.0","5.0","22.0"
"شعبان","23.0","1.0","24.0","15.0","9.0","24.0","9.0","12.0","2.0","1.0","0.0","24.0","20.0","4.0","24.0"
"رمضان","25.0","7.0","32.0","11.0","21.0","32.0","6.0","12.0","10.0","2.0","2.0","32.0","24.0","8.0","32.0"
"شوال","36.0","7.0","43.0","10.0","33.0","43.0","9.0","17.0","7.0","5.0","5.0","43.0","27.0","16.0","43.0"
"ذى القعدة","27.0","8.0","35.0","15.0","20.0","35.0","11.0","11.0","6.0","5.0","2.0","35.0","24.0","11.0","35.0"
"ذى الحجة","34.0","6.0","40.0","22.0","18.0","40.0","6.0","25.0","5.0","3.0","1.0","40.0","34.0","6.0","40.0"
"المجموع","314.0","68.0","382.0","168.0","214.0","382.0","106.0","158.0","65.0","35.0","18.0","382.0","310.0","72.0","382.0"
"الإجمالي- عــد د الأشخاص المصابين حسب الجنس","","","","الإجمالي- عــد د الأشخاص المصابين حسب المكان","","","الإجمالي-عـــد د الأشخاص المصابين حسب العمر","","","","","","الإجمالي-عدد الأشخاص المصابين حسب الجنسيه","",""
"الشهر","ذكور","أناث","المجموع","داخل المدينه","خارج المدينه","المجموع","أقل من 18","من18 إلى 30","من 30 على 40","من40إلى50","من50فأكثر","المجموع","سعودى","غير سعودى","المجموع"
"محرم","2178.0","419.0","2597.0","1317.0","1280.0","2597.0","379.0","818.0","719.0","410.0","271.0","2597.0","1729.0","868.0","2597.0"
"صفر","2494.0","377.0","2871.0","1431.0","1440.0","2871.0","373.0","939.0","746.0","479.0","334.0","2871.0","1914.0","957.0","2871.0"
"ربيع أول","2426.0","626.0","3052.0","1536.0","1516.0","3052.0","369.0","952.0","846.0","527.0","358.0","3052.0","1933.0","1119.0","3052.0"
"ربيع ثانى","2561.0","419.0","2980.0","1449.0","1531.0","2980.0","438.0","920.0","814.0","495.0","313.0","2980.0","1869.0","1111.0","2980.0"
"جمادى أول","2493.0","523.0","3016.0","1428.0","1588.0","3016.0","401.0","975.0","875.0","501.0","264.0","3016.0","1930.0","1086.0","3016.0"
"جمادى ثانى","2489.0","405.0","2894.0","1375.0","1519.0","2894.0","380.0","927.0","825.0","510.0","252.0","2894.0","1820.0","1074.0","2894.0"
"رجب","2242.0","493.0","2735.0","1237.0","1498.0","2735.0","322.0","887.0","863.0","403.0","260.0","2735.0","1770.0","965.0","2735.0"
"شعبان","2373.0","425.0","2798.0","1410.0","1388.0","2798.0","417.0","894.0","672.0","484.0","331.0","2798.0","1794.0","1004.0","2798.0"
"رمضان","2433.0","411.0","2844.0","1266.0","1578.0","2844.0","424.0","825.0","788.0","485.0","322.0","2844.0","1747.0","1097.0","2844.0"
"شوال","2112.0","436.0","2548.0","1179.0","1369.0","2548.0","429.0","743.0","583.0","484.0","309.0","2548.0","1564.0","984.0","2548.0"
"ذى القعدة","1834.0","305.0","2139.0","1163.0","976.0","2139.0","277.0","605.0","550.0","435.0","272.0","2139.0","1323.0","816.0","2139.0"
"ذى الحجة","2239.0","486.0","2725.0","1284.0","1441.0","2725.0","384.0","881.0","701.0","434.0","325.0","2725.0","1708.0","1017.0","2725.0"
"المجموع","27874.0","5325.0","33199.0","16075.0","17124.0","33199.0","4593.0","10366.0","8982.0","5647.0","3611.0","33199.0","21101.0","12098.0","33199.0"
